anomaly,competition,category name,round,heat,couple,criteria,stdev,threshold,ratio,raw data
,157,Rock'n'Roll-Beginners,Final,1,3,DF,0.93,2.3,0.4043478260869566,"[13.75, 11.25, 13.75, 12.5, 13.75, 12.5]"
,157,Rock'n'Roll-Beginners,Final,1,3,CO,0.94,2.0,0.47,"[8.0, 10.0, 11.0, 9.0, 10.0, 10.0]"
,157,Rock'n'Roll-Beginners,Final,1,3,FM,0.73,2.0,0.365,"[9.5, 9.0, 8.5, 7.5, 8.5, 7.5]"
,157,Rock'n'Roll-Beginners,Final,1,3,FW,10.17,14.4,0.7062499999999999,"[-5.0, -25.0, -10.0, -25.0, -25.0, -35.0]"
,157,Rock'n'Roll-Beginners,Final,1,3,sm,0.0,2.3,0.0,"[0.0, 0.0, 0.0, 0.0, 0.0, 0.0]"
,157,Rock'n'Roll-Beginners,Final,1,3,bm,0.0,8.0,0.0,"[0.0, 0.0, 0.0, 0.0, 0.0, 0.0]"
,157,Rock'n'Roll-Beginners,Final,2,258,DF,1.18,2.3,0.5130434782608696,"[10.0, 8.75, 12.5, 11.25, 11.25, 11.25]"
,157,Rock'n'Roll-Beginners,Final,2,258,CO,0.75,2.0,0.375,"[10.0, 8.0, 9.0, 9.0, 10.0, 10.0]"
,157,Rock'n'Roll-Beginners,Final,2,258,FM,1.72,2.0,0.86,"[7.5, 5.0, 5.0, 7.5, 5.0, 2.5]"
,157,Rock'n'Roll-Beginners,Final,2,258,FW,12.13,14.4,0.8423611111111111,"[-10.0, -25.0, -35.0, -35.0, -35.0, -50.0]"
,157,Rock'n'Roll-Beginners,Final,2,258,sm,0.75,2.3,0.32608695652173914,"[0.0, 0.0, -2.0, 0.0, 0.0, 0.0]"
,157,Rock'n'Roll-Beginners,Final,2,258,bm,0.0,8.0,0.0,"[0.0, 0.0, 0.0, 0.0, 0.0, 0.0]"
,157,Rock'n'Roll-Juveniles,Final,1,193,DF,1.2,2.3,0.5217391304347826,"[10.0, 11.25, 10.0, 11.25, 12.5, 8.75]"
yes,157,Rock'n'Roll-Juveniles,Final,1,193,CO,2.19,2.0,1.095,"[9.0, 7.0, 9.0, 9.0, 14.0, 11.0]"
,157,Rock'n'Roll-Juveniles,Final,1,193,FM,0.76,2.0,0.38,"[8.5, 6.5, 7.5, 6.5, 6.5, 6.5]"
,157,Rock'n'Roll-Juveniles,Final,1,193,FW,13.44,14.4,0.9333333333333332,"[-10.0, -35.0, -15.0, -50.0, -35.0, -25.0]"
,157,Rock'n'Roll-Juveniles,Final,1,193,sm,0.0,2.3,0.0,"[0.0, 0.0, 0.0, 0.0, 0.0, 0.0]"
,157,Rock'n'Roll-Juveniles,Final,1,193,bm,0.0,8.0,0.0,"[0.0, 0.0, 0.0, 0.0, 0.0, 0.0]"
yes,157,Rock'n'Roll-Juveniles,Final,2,182,DF,2.33,2.3,1.0130434782608697,"[12.5, 10.0, 12.5, 12.5, 17.5, 11.25]"
yes,157,Rock'n'Roll-Juveniles,Final,2,182,CO,2.08,2.0,1.04,"[9.0, 7.0, 10.0, 10.0, 14.0, 10.0]"
,157,Rock'n'Roll-Juveniles,Final,2,182,FM,1.07,2.0,0.535,"[9.5, 7.5, 8.5, 7.5, 6.5, 6.5]"
,157,Rock'n'Roll-Juveniles,Final,2,182,FW,6.24,14.4,0.43333333333333335,"[-10.0, -15.0, -10.0, -25.0, -15.0, -25.0]"
,157,Rock'n'Roll-Juveniles,Final,2,182,sm,1.49,2.3,0.6478260869565218,"[-4.0, 0.0, 0.0, 0.0, 0.0, 0.0]"
,157,Rock'n'Roll-Juveniles,Final,2,182,bm,0.0,8.0,0.0,"[0.0, 0.0, 0.0, 0.0, 0.0, 0.0]"
,157,Rock'n'Roll-Juveniles,Final,3,27,DF,1.33,2.3,0.5782608695652175,"[12.5, 8.75, 11.25, 11.25, 12.5, 10.0]"
yes,157,Rock'n'Roll-Juveniles,Final,3,27,CO,2.13,2.0,1.065,"[11.0, 8.0, 7.0, 11.0, 13.0, 8.0]"
,157,Rock'n'Roll-Juveniles,Final,3,27,FM,0.9,2.0,0.45,"[9.0, 7.5, 6.5, 7.5, 6.5, 6.5]"
,157,Rock'n'Roll-Juveniles,Final,3,27,FW,6.87,14.4,0.4770833333333333,"[-15.0, -25.0, -25.0, -25.0, -35.0, -35.0]"
,157,Rock'n'Roll-Juveniles,Final,3,27,sm,0.75,2.3,0.32608695652173914,"[0.0, 0.0, -2.0, 0.0, 0.0, 0.0]"
,157,Rock'n'Roll-Juveniles,Final,3,27,bm,0.0,8.0,0.0,"[0.0, 0.0, 0.0, 0.0, 0.0, 0.0]"
yes,157,Rock'n'Roll-Juveniles,Final,4,235,DF,2.67,2.3,1.1608695652173913,"[16.25, 16.25, 11.25, 15.0, 20.0, 13.75]"
yes,157,Rock'n'Roll-Juveniles,Final,4,235,CO,2.52,2.0,1.26,"[12.0, 10.0, 9.0, 12.0, 17.0, 12.0]"
,157,Rock'n'Roll-Juveniles,Final,4,235,FM,0.8,2.0,0.4,"[10.0, 8.5, 8.5, 7.5, 9.5, 9.0]"
,157,Rock'n'Roll-Juveniles,Final,4,235,FW,8.37,14.4,0.5812499999999999,"[0.0, -15.0, -25.0, -25.0, -15.0, -15.0]"
,157,Rock'n'Roll-Juveniles,Final,4,235,sm,0.0,2.3,0.0,"[0.0, 0.0, 0.0, 0.0, 0.0, 0.0]"
,157,Rock'n'Roll-Juveniles,Final,4,235,bm,0.0,8.0,0.0,"[0.0, 0.0, 0.0, 0.0, 0.0, 0.0]"
,157,Rock'n'Roll-Juveniles,Final,5,57,DF,1.88,2.3,0.8173913043478261,"[13.75, 10.0, 13.75, 10.0, 13.75, 10.0]"
,157,Rock'n'Roll-Juveniles,Final,5,57,CO,1.8,2.0,0.9,"[7.0, 6.0, 11.0, 9.0, 10.0, 7.0]"
,157,Rock'n'Roll-Juveniles,Final,5,57,FM,1.13,2.0,0.565,"[9.0, 6.5, 9.0, 6.5, 9.0, 7.5]"
,157,Rock'n'Roll-Juveniles,Final,5,57,FW,14.07,14.4,0.9770833333333333,"[-5.0, -25.0, -15.0, -50.0, -15.0, -25.0]"
,157,Rock'n'Roll-Juveniles,Final,5,57,sm,0.0,2.3,0.0,"[0.0, 0.0, 0.0, 0.0, 0.0, 0.0]"
,157,Rock'n'Roll-Juveniles,Final,5,57,bm,0.0,8.0,0.0,"[0.0, 0.0, 0.0, 0.0, 0.0, 0.0]"
,157,Rock'n'Roll-Juveniles,Final,6,134,DF,2.04,2.3,0.8869565217391305,"[13.75, 10.0, 11.25, 12.5, 16.25, 11.25]"
yes,157,Rock'n'Roll-Juveniles,Final,6,134,CO,2.29,2.0,1.145,"[7.0, 8.0, 8.0, 10.0, 14.0, 9.0]"
,157,Rock'n'Roll-Juveniles,Final,6,134,FM,0.69,2.0,0.345,"[8.5, 7.5, 6.5, 7.5, 8.5, 7.5]"
,157,Rock'n'Roll-Juveniles,Final,6,134,FW,6.87,14.4,0.4770833333333333,"[-15.0, -25.0, -25.0, -35.0, -15.0, -25.0]"
,157,Rock'n'Roll-Juveniles,Final,6,134,sm,0.0,2.3,0.0,"[0.0, 0.0, 0.0, 0.0, 0.0, 0.0]"
,157,Rock'n'Roll-Juveniles,Final,6,134,bm,0.0,8.0,0.0,"[0.0, 0.0, 0.0, 0.0, 0.0, 0.0]"
,157,Rock'n'Roll-Juniors,Final,1,149,DF,1.37,2.3,0.5956521739130436,"[9.0, 9.0, 9.0, 12.0, 11.0, 8.0]"
,157,Rock'n'Roll-Juniors,Final,1,149,CO,1.7,2.0,0.85,"[10.0, 9.0, 8.0, 12.0, 13.0, 10.0]"
,157,Rock'n'Roll-Juniors,Final,1,149,FM,0.93,2.0,0.465,"[9.0, 6.5, 7.5, 8.5, 7.5, 6.5]"
,157,Rock'n'Roll-Juniors,Final,1,149,FW,8.37,14.4,0.5812499999999999,"[-10.0, -15.0, -15.0, -15.0, -35.0, -25.0]"
,157,Rock'n'Roll-Juniors,Final,1,149,sm,0.94,2.3,0.40869565217391307,"[-2.0, -2.0, 0.0, 0.0, 0.0, 0.0]"
,157,Rock'n'Roll-Juniors,Final,1,149,bm,0.0,8.0,0.0,"[0.0, 0.0, 0.0, 0.0, 0.0, 0.0]"
,157,Rock'n'Roll-Juniors,Final,2,78,DF,1.26,2.3,0.5478260869565218,"[12.0, 13.0, 11.0, 11.0, 14.0, 14.0]"
,157,Rock'n'Roll-Juniors,Final,2,78,CO,1.07,2.0,0.535,"[13.0, 13.0, 12.0, 12.0, 15.0, 12.0]"
,157,Rock'n'Roll-Juniors,Final,2,78,FM,0.79,2.0,0.395,"[10.0, 9.0, 9.0, 7.5, 9.5, 8.5]"
,157,Rock'n'Roll-Juniors,Final,2,78,FW,4.49,14.4,0.31180555555555556,"[0.0, -10.0, -10.0, -15.0, -10.0, -10.0]"
,157,Rock'n'Roll-Juniors,Final,2,78,sm,1.0,2.3,0.4347826086956522,"[0.0, -2.0, -2.0, 0.0, 0.0, -2.0]"
,157,Rock'n'Roll-Juniors,Final,2,78,bm,3.73,8.0,0.46625,"[-10.0, 0.0, 0.0, 0.0, 0.0, 0.0]"
,157,Rock'n'Roll-Juniors,Final,3,491,DF,1.67,2.3,0.7260869565217392,"[16.0, 14.0, 14.0, 12.0, 17.0, 16.0]"
yes,157,Rock'n'Roll-Juniors,Final,3,491,CO,2.34,2.0,1.17,"[14.0, 14.0, 13.0, 12.0, 18.0, 18.0]"
,157,Rock'n'Roll-Juniors,Final,3,491,FM,0.48,2.0,0.24,"[10.0, 9.0, 9.0, 8.5, 9.5, 9.5]"
,157,Rock'n'Roll-Juniors,Final,3,491,FW,5.53,14.4,0.3840277777777778,"[0.0, -10.0, -10.0, -15.0, -5.0, 0.0]"
,157,Rock'n'Roll-Juniors,Final,3,491,sm,0.0,2.3,0.0,"[0.0, 0.0, 0.0, 0.0, 0.0, 0.0]"
,157,Rock'n'Roll-Juniors,Final,3,491,bm,0.0,8.0,0.0,"[0.0, 0.0, 0.0, 0.0, 0.0, 0.0]"
,157,Rock'n'Roll-Small Formation Juniors,Final,1,229,DF,1.02,2.3,0.44347826086956527,"[8.0, 7.0, 9.0, 7.0, 6.0]"
,157,Rock'n'Roll-Small Formation Juniors,Final,1,229,CO,0.76,2.0,0.38,"[6.0, 5.25, 6.75, 7.5, 6.0]"
,157,Rock'n'Roll-Small Formation Juniors,Final,1,229,FM,1.74,2.0,0.87,"[7.0, 6.0, 11.0, 7.0, 7.0]"
,157,Rock'n'Roll-Small Formation Juniors,Final,1,229,FW,11.22,14.4,0.7791666666666667,"[-25.0, -35.0, -25.0, -50.0, -50.0]"
,157,Rock'n'Roll-Small Formation Juniors,Final,1,229,sm,0.0,2.3,0.0,"[0.0, 0.0, 0.0, 0.0, 0.0]"
,157,Rock'n'Roll-Small Formation Juniors,Final,1,229,bm,0.0,8.0,0.0,"[0.0, 0.0, 0.0, 0.0, 0.0]"
,157,Rock'n'Roll-Small Formation Juniors,Final,2,158,DF,1.1,2.3,0.47826086956521746,"[8.0, 8.0, 10.0, 7.0, 7.0]"
,157,Rock'n'Roll-Small Formation Juniors,Final,2,158,CO,1.02,2.0,0.51,"[6.0, 5.25, 8.25, 6.75, 6.0]"
,157,Rock'n'Roll-Small Formation Juniors,Final,2,158,FM,1.33,2.0,0.665,"[9.0, 8.0, 10.0, 8.0, 6.0]"
,157,Rock'n'Roll-Small Formation Juniors,Final,2,158,FW,13.19,14.4,0.9159722222222222,"[-10.0, -35.0, -25.0, -35.0, -50.0]"
,157,Rock'n'Roll-Small Formation Juniors,Final,2,158,sm,0.0,2.3,0.0,"[0.0, 0.0, 0.0, 0.0, 0.0]"
,157,Rock'n'Roll-Small Formation Juniors,Final,2,158,bm,0.0,8.0,0.0,"[0.0, 0.0, 0.0, 0.0, 0.0]"
,157,Rock'n'Roll-Small Formation Juniors,Final,3,115,DF,1.6,2.3,0.6956521739130436,"[8.0, 7.0, 10.0, 10.0, 6.0]"
,157,Rock'n'Roll-Small Formation Juniors,Final,3,115,CO,1.25,2.0,0.625,"[8.25, 5.25, 7.5, 7.5, 5.25]"
yes,157,Rock'n'Roll-Small Formation Juniors,Final,3,115,FM,2.19,2.0,1.095,"[10.0, 6.0, 12.0, 10.0, 7.0]"
,157,Rock'n'Roll-Small Formation Juniors,Final,3,115,FW,7.48,14.4,0.5194444444444445,"[-15.0, -25.0, -25.0, -35.0, -35.0]"
,157,Rock'n'Roll-Small Formation Juniors,Final,3,115,sm,0.0,2.3,0.0,"[0.0, 0.0, 0.0, 0.0, 0.0]"
,157,Rock'n'Roll-Small Formation Juniors,Final,3,115,bm,0.0,8.0,0.0,"[0.0, 0.0, 0.0, 0.0, 0.0]"
,157,Rock'n'Roll-Small Formation Juniors,Final,4,174,DF,0.49,2.3,0.21304347826086958,"[9.0, 8.0, 8.0, 9.0, 9.0]"
,157,Rock'n'Roll-Small Formation Juniors,Final,4,174,CO,0.56,2.0,0.28,"[6.75, 6.0, 7.5, 7.5, 6.75]"
,157,Rock'n'Roll-Small Formation Juniors,Final,4,174,FM,0.49,2.0,0.245,"[10.0, 9.0, 9.0, 10.0, 9.0]"
,157,Rock'n'Roll-Small Formation Juniors,Final,4,174,FW,10.2,14.4,0.7083333333333333,"[-10.0, -15.0, -25.0, -35.0, -35.0]"
,157,Rock'n'Roll-Small Formation Juniors,Final,4,174,sm,0.98,2.3,0.42608695652173917,"[-2.0, 0.0, -2.0, -2.0, 0.0]"
,157,Rock'n'Roll-Small Formation Juniors,Final,4,174,bm,0.0,8.0,0.0,"[0.0, 0.0, 0.0, 0.0, 0.0]"
,157,Rock'n'Roll-Small Formation Juniors,Final,5,151,DF,0.63,2.3,0.2739130434782609,"[8.0, 9.0, 10.0, 9.0, 9.0]"
,157,Rock'n'Roll-Small Formation Juniors,Final,5,151,CO,0.87,2.0,0.435,"[6.75, 6.75, 9.0, 7.5, 6.75]"
,157,Rock'n'Roll-Small Formation Juniors,Final,5,151,FM,0.63,2.0,0.315,"[10.0, 9.0, 9.0, 9.0, 8.0]"
yes,157,Rock'n'Roll-Small Formation Juniors,Final,5,151,FW,16.0,14.4,1.1111111111111112,"[-5.0, -35.0, -15.0, -50.0, -35.0]"
,157,Rock'n'Roll-Small Formation Juniors,Final,5,151,sm,0.0,2.3,0.0,"[0.0, 0.0, 0.0, 0.0, 0.0]"
,157,Rock'n'Roll-Small Formation Juniors,Final,5,151,bm,0.0,8.0,0.0,"[0.0, 0.0, 0.0, 0.0, 0.0]"
,157,Rock'n'Roll-Small Formation Juniors,Final,6,102,DF,0.4,2.3,0.1739130434782609,"[9.0, 9.0, 10.0, 9.0, 9.0]"
,157,Rock'n'Roll-Small Formation Juniors,Final,6,102,CO,1.2,2.0,0.6,"[9.0, 6.75, 9.0, 7.5, 6.0]"
,157,Rock'n'Roll-Small Formation Juniors,Final,6,102,FM,0.75,2.0,0.375,"[11.0, 10.0, 11.0, 10.0, 9.0]"
,157,Rock'n'Roll-Small Formation Juniors,Final,6,102,FW,10.2,14.4,0.7083333333333333,"[-10.0, -15.0, -25.0, -35.0, -35.0]"
,157,Rock'n'Roll-Small Formation Juniors,Final,6,102,sm,0.8,2.3,0.3478260869565218,"[0.0, 0.0, -2.0, 0.0, 0.0]"
,157,Rock'n'Roll-Small Formation Juniors,Final,6,102,bm,0.0,8.0,0.0,"[0.0, 0.0, 0.0, 0.0, 0.0]"
,157,Rock'n'Roll-Small Formation Juniors,First round,1,115,DF,1.02,2.3,0.44347826086956527,"[6.0, 7.0, 8.0, 9.0, 7.0]"
,157,Rock'n'Roll-Small Formation Juniors,First round,1,115,CO,1.02,2.0,0.51,"[6.75, 4.5, 6.75, 7.5, 6.0]"
,157,Rock'n'Roll-Small Formation Juniors,First round,1,115,FM,0.89,2.0,0.445,"[7.0, 8.0, 9.0, 9.0, 7.0]"
,157,Rock'n'Roll-Small Formation Juniors,First round,1,115,FW,11.66,14.4,0.8097222222222222,"[-15.0, -35.0, -25.0, -35.0, -50.0]"
,157,Rock'n'Roll-Small Formation Juniors,First round,1,115,sm,0.98,2.3,0.42608695652173917,"[-2.0, -2.0, -2.0, 0.0, 0.0]"
,157,Rock'n'Roll-Small Formation Juniors,First round,1,115,bm,0.0,8.0,0.0,"[0.0, 0.0, 0.0, 0.0, 0.0]"
,157,Rock'n'Roll-Small Formation Juniors,First round,2,229,DF,1.62,2.3,0.7043478260869567,"[7.0, 5.0, 10.0, 7.0, 8.0]"
,157,Rock'n'Roll-Small Formation Juniors,First round,2,229,CO,0.73,2.0,0.365,"[6.0, 4.5, 6.75, 6.0, 6.0]"
,157,Rock'n'Roll-Small Formation Juniors,First round,2,229,FM,1.33,2.0,0.665,"[7.0, 5.0, 9.0, 6.0, 7.0]"
,157,Rock'n'Roll-Small Formation Juniors,First round,2,229,FW,4.0,14.4,0.2777777777777778,"[-35.0, -35.0, -25.0, -35.0, -35.0]"
,157,Rock'n'Roll-Small Formation Juniors,First round,2,229,sm,0.0,2.3,0.0,"[0.0, 0.0, 0.0, 0.0, 0.0]"
,157,Rock'n'Roll-Small Formation Juniors,First round,2,229,bm,0.0,8.0,0.0,"[0.0, 0.0, 0.0, 0.0, 0.0]"
,157,Rock'n'Roll-Small Formation Juniors,First round,3,105,DF,1.1,2.3,0.47826086956521746,"[9.0, 6.0, 7.0, 6.0, 7.0]"
,157,Rock'n'Roll-Small Formation Juniors,First round,3,105,CO,0.76,2.0,0.38,"[6.0, 3.75, 5.25, 5.25, 4.5]"
,157,Rock'n'Roll-Small Formation Juniors,First round,3,105,FM,1.02,2.0,0.51,"[9.0, 6.0, 8.0, 7.0, 7.0]"
,157,Rock'n'Roll-Small Formation Juniors,First round,3,105,FW,13.19,14.4,0.9159722222222222,"[-10.0, -35.0, -25.0, -50.0, -35.0]"
,157,Rock'n'Roll-Small Formation Juniors,First round,3,105,sm,0.0,2.3,0.0,"[0.0, 0.0, 0.0, 0.0, 0.0]"
,157,Rock'n'Roll-Small Formation Juniors,First round,3,105,bm,0.0,8.0,0.0,"[0.0, 0.0, 0.0, 0.0, 0.0]"
,157,Rock'n'Roll-Small Formation Juniors,First round,4,174,DF,1.1,2.3,0.47826086956521746,"[8.0, 8.0, 7.0, 7.0, 10.0]"
,157,Rock'n'Roll-Small Formation Juniors,First round,4,174,CO,1.22,2.0,0.61,"[7.5, 5.25, 6.0, 5.25, 8.25]"
,157,Rock'n'Roll-Small Formation Juniors,First round,4,174,FM,0.75,2.0,0.375,"[8.0, 9.0, 8.0, 7.0, 9.0]"
,157,Rock'n'Roll-Small Formation Juniors,First round,4,174,FW,9.8,14.4,0.6805555555555556,"[-10.0, -35.0, -25.0, -35.0, -35.0]"
,157,Rock'n'Roll-Small Formation Juniors,First round,4,174,sm,1.96,2.3,0.8521739130434783,"[-4.0, 0.0, 0.0, -4.0, 0.0]"
,157,Rock'n'Roll-Small Formation Juniors,First round,4,174,bm,0.0,8.0,0.0,"[0.0, 0.0, 0.0, 0.0, 0.0]"
,157,Rock'n'Roll-Small Formation Juniors,First round,5,151,DF,1.41,2.3,0.6130434782608696,"[10.0, 7.0, 11.0, 9.0, 8.0]"
,157,Rock'n'Roll-Small Formation Juniors,First round,5,151,CO,1.54,2.0,0.77,"[4.5, 5.25, 9.0, 6.75, 6.75]"
,157,Rock'n'Roll-Small Formation Juniors,First round,5,151,FM,1.41,2.0,0.705,"[9.0, 6.0, 10.0, 8.0, 7.0]"
,157,Rock'n'Roll-Small Formation Juniors,First round,5,151,FW,8.72,14.4,0.6055555555555556,"[-10.0, -25.0, -15.0, -25.0, -35.0]"
,157,Rock'n'Roll-Small Formation Juniors,First round,5,151,sm,0.98,2.3,0.42608695652173917,"[-2.0, -2.0, 0.0, -2.0, 0.0]"
,157,Rock'n'Roll-Small Formation Juniors,First round,5,151,bm,0.0,8.0,0.0,"[0.0, 0.0, 0.0, 0.0, 0.0]"
,157,Rock'n'Roll-Small Formation Juniors,First round,6,102,DF,0.8,2.3,0.3478260869565218,"[11.0, 9.0, 9.0, 9.0, 9.0]"
,157,Rock'n'Roll-Small Formation Juniors,First round,6,102,CO,0.6,2.0,0.3,"[7.5, 7.5, 7.5, 7.5, 6.0]"
,157,Rock'n'Roll-Small Formation Juniors,First round,6,102,FM,1.5,2.0,0.75,"[11.0, 9.0, 11.0, 10.0, 7.0]"
,157,Rock'n'Roll-Small Formation Juniors,First round,6,102,FW,7.48,14.4,0.5194444444444445,"[-5.0, -15.0, -15.0, -25.0, -25.0]"
,157,Rock'n'Roll-Small Formation Juniors,First round,6,102,sm,0.0,2.3,0.0,"[0.0, 0.0, 0.0, 0.0, 0.0]"
,157,Rock'n'Roll-Small Formation Juniors,First round,6,102,bm,0.0,8.0,0.0,"[0.0, 0.0, 0.0, 0.0, 0.0]"
,157,Rock'n'Roll-Small Formation Juniors,First round,7,158,DF,1.41,2.3,0.6130434782608696,"[8.0, 6.0, 10.0, 9.0, 7.0]"
,157,Rock'n'Roll-Small Formation Juniors,First round,7,158,CO,1.1,2.0,0.55,"[8.25, 5.25, 7.5, 7.5, 6.0]"
,157,Rock'n'Roll-Small Formation Juniors,First round,7,158,FM,1.79,2.0,0.895,"[11.0, 6.0, 10.0, 10.0, 8.0]"
,157,Rock'n'Roll-Small Formation Juniors,First round,7,158,FW,13.19,14.4,0.9159722222222222,"[-10.0, -35.0, -25.0, -35.0, -50.0]"
,157,Rock'n'Roll-Small Formation Juniors,First round,7,158,sm,0.98,2.3,0.42608695652173917,"[0.0, 0.0, -2.0, -2.0, 0.0]"
,157,Rock'n'Roll-Small Formation Juniors,First round,7,158,bm,0.0,8.0,0.0,"[0.0, 0.0, 0.0, 0.0, 0.0]"
,157,Rock'n'Roll-Small Formation,Final,1,335,DF,1.67,2.3,0.7260869565217392,"[10.0, 8.0, 8.0, 9.0, 5.0]"
,157,Rock'n'Roll-Small Formation,Final,1,335,CO,0.87,2.0,0.435,"[5.25, 6.0, 5.25, 7.5, 5.25]"
,157,Rock'n'Roll-Small Formation,Final,1,335,FM,1.5,2.0,0.75,"[9.0, 7.0, 8.0, 9.0, 5.0]"
,157,Rock'n'Roll-Small Formation,Final,1,335,FW,14.35,14.4,0.9965277777777777,"[-10.0, -15.0, -35.0, -25.0, -50.0]"
,157,Rock'n'Roll-Small Formation,Final,1,335,sm,0.8,2.3,0.3478260869565218,"[0.0, 0.0, 0.0, -2.0, 0.0]"
,157,Rock'n'Roll-Small Formation,Final,1,335,bm,0.0,8.0,0.0,"[0.0, 0.0, 0.0, 0.0, 0.0]"
,157,Rock'n'Roll-Small Formation,Final,2,35,DF,0.75,2.3,0.32608695652173914,"[8.0, 6.0, 7.0, 7.0, 6.0]"
,157,Rock'n'Roll-Small Formation,Final,2,35,CO,1.31,2.0,0.655,"[8.25, 4.5, 6.0, 7.5, 6.0]"
,157,Rock'n'Roll-Small Formation,Final,2,35,FM,1.17,2.0,0.585,"[9.0, 6.0, 9.0, 7.0, 8.0]"
,157,Rock'n'Roll-Small Formation,Final,2,35,FW,13.19,14.4,0.9159722222222222,"[-10.0, -35.0, -25.0, -50.0, -35.0]"
,157,Rock'n'Roll-Small Formation,Final,2,35,sm,0.8,2.3,0.3478260869565218,"[0.0, 0.0, -2.0, 0.0, 0.0]"
,157,Rock'n'Roll-Small Formation,Final,2,35,bm,0.0,8.0,0.0,"[0.0, 0.0, 0.0, 0.0, 0.0]"
,157,Rock'n'Roll-Small Formation,Final,3,390,DF,0.75,2.3,0.32608695652173914,"[8.0, 8.0, 10.0, 9.0, 9.0]"
,157,Rock'n'Roll-Small Formation,Final,3,390,CO,1.06,2.0,0.53,"[4.5, 5.25, 6.0, 7.5, 6.75]"
,157,Rock'n'Roll-Small Formation,Final,3,390,FM,1.02,2.0,0.51,"[9.0, 7.0, 9.0, 10.0, 8.0]"
,157,Rock'n'Roll-Small Formation,Final,3,390,FW,13.42,14.4,0.9319444444444445,"[-15.0, -35.0, -15.0, -50.0, -35.0]"
,157,Rock'n'Roll-Small Formation,Final,3,390,sm,0.8,2.3,0.3478260869565218,"[0.0, 0.0, 0.0, -2.0, 0.0]"
,157,Rock'n'Roll-Small Formation,Final,3,390,bm,0.0,8.0,0.0,"[0.0, 0.0, 0.0, 0.0, 0.0]"
,157,Rock'n'Roll-Formation Juniors,Final,1,37,DF,0.75,2.3,0.32608695652173914,"[12.0, 12.0, 13.0, 11.0, 11.0]"
,157,Rock'n'Roll-Formation Juniors,Final,1,37,CO,0.3,2.0,0.15,"[9.75, 9.0, 9.0, 9.0, 9.0]"
,157,Rock'n'Roll-Formation Juniors,Final,1,37,FM,0.8,2.0,0.4,"[13.0, 11.0, 12.0, 11.0, 11.0]"
,157,Rock'n'Roll-Formation Juniors,Final,1,37,FW,8.0,14.4,0.5555555555555556,"[0.0, -10.0, -10.0, -25.0, -10.0]"
,157,Rock'n'Roll-Formation Juniors,Final,1,37,sm,0.0,2.3,0.0,"[0.0, 0.0, 0.0, 0.0, 0.0]"
,157,Rock'n'Roll-Formation Juniors,Final,1,37,bm,0.0,8.0,0.0,"[0.0, 0.0, 0.0, 0.0, 0.0]"
,157,Rock'n'Roll-Formation Juniors,Final,2,67,DF,1.47,2.3,0.6391304347826088,"[8.0, 8.0, 9.0, 9.0, 5.0]"
,157,Rock'n'Roll-Formation Juniors,Final,2,67,CO,0.87,2.0,0.435,"[5.25, 6.0, 6.75, 7.5, 5.25]"
,157,Rock'n'Roll-Formation Juniors,Final,2,67,FM,1.62,2.0,0.81,"[9.0, 9.0, 11.0, 8.0, 6.0]"
,157,Rock'n'Roll-Formation Juniors,Final,2,67,FW,11.83,14.4,0.8215277777777777,"[-15.0, -25.0, -25.0, -35.0, -50.0]"
,157,Rock'n'Roll-Formation Juniors,Final,2,67,sm,1.26,2.3,0.5478260869565218,"[-2.0, -2.0, -2.0, -4.0, 0.0]"
,157,Rock'n'Roll-Formation Juniors,Final,2,67,bm,4.0,8.0,0.5,"[0.0, 0.0, 0.0, 0.0, -10.0]"
,157,Rock'n'Roll-Formation Juniors,Final,3,144,DF,1.17,2.3,0.5086956521739131,"[11.0, 10.0, 13.0, 10.0, 10.0]"
,157,Rock'n'Roll-Formation Juniors,Final,3,144,CO,1.06,2.0,0.53,"[8.25, 7.5, 9.75, 9.0, 6.75]"
,157,Rock'n'Roll-Formation Juniors,Final,3,144,FM,1.62,2.0,0.81,"[13.0, 9.0, 13.0, 12.0, 10.0]"
,157,Rock'n'Roll-Formation Juniors,Final,3,144,FW,8.0,14.4,0.5555555555555556,"[-5.0, -15.0, -10.0, -25.0, -25.0]"
,157,Rock'n'Roll-Formation Juniors,Final,3,144,sm,0.0,2.3,0.0,"[0.0, 0.0, 0.0, 0.0, 0.0]"
,157,Rock'n'Roll-Formation Juniors,Final,3,144,bm,0.0,8.0,0.0,"[0.0, 0.0, 0.0, 0.0, 0.0]"
,157,Rock'n'Roll-Formation Juniors,Final,4,65,DF,1.41,2.3,0.6130434782608696,"[12.0, 10.0, 13.0, 11.0, 9.0]"
,157,Rock'n'Roll-Formation Juniors,Final,4,65,CO,1.34,2.0,0.67,"[9.75, 8.25, 9.75, 10.5, 6.75]"
yes,157,Rock'n'Roll-Formation Juniors,Final,4,65,FM,2.23,2.0,1.115,"[14.0, 11.0, 14.0, 12.0, 8.0]"
,157,Rock'n'Roll-Formation Juniors,Final,4,65,FW,9.49,14.4,0.6590277777777778,"[0.0, -15.0, -10.0, -25.0, -25.0]"
,157,Rock'n'Roll-Formation Juniors,Final,4,65,sm,0.0,2.3,0.0,"[0.0, 0.0, 0.0, 0.0, 0.0]"
,157,Rock'n'Roll-Formation Juniors,Final,4,65,bm,0.0,8.0,0.0,"[0.0, 0.0, 0.0, 0.0, 0.0]"
,157,Rock'n'Roll-Formation Juniors,Final,5,303,DF,1.5,2.3,0.6521739130434783,"[9.0, 7.0, 8.0, 9.0, 5.0]"
,157,Rock'n'Roll-Formation Juniors,Final,5,303,CO,1.2,2.0,0.6,"[7.5, 4.5, 6.0, 7.5, 5.25]"
,157,Rock'n'Roll-Formation Juniors,Final,5,303,FM,1.94,2.0,0.97,"[11.0, 6.0, 9.0, 9.0, 6.0]"
,157,Rock'n'Roll-Formation Juniors,Final,5,303,FW,8.94,14.4,0.6208333333333332,"[-15.0, -25.0, -15.0, -35.0, -35.0]"
,157,Rock'n'Roll-Formation Juniors,Final,5,303,sm,1.5,2.3,0.6521739130434783,"[-2.0, -4.0, -6.0, -4.0, -2.0]"
,157,Rock'n'Roll-Formation Juniors,Final,5,303,bm,0.0,8.0,0.0,"[0.0, 0.0, 0.0, 0.0, 0.0]"
,157,Rock'n'Roll-Formation Juniors,Final,6,175,DF,1.47,2.3,0.6391304347826088,"[11.0, 8.0, 10.0, 10.0, 7.0]"
,157,Rock'n'Roll-Formation Juniors,Final,6,175,CO,1.1,2.0,0.55,"[8.25, 6.0, 6.75, 9.0, 6.75]"
,157,Rock'n'Roll-Formation Juniors,Final,6,175,FM,1.6,2.0,0.8,"[12.0, 9.0, 10.0, 12.0, 8.0]"
,157,Rock'n'Roll-Formation Juniors,Final,6,175,FW,10.2,14.4,0.7083333333333333,"[-10.0, -35.0, -15.0, -25.0, -35.0]"
,157,Rock'n'Roll-Formation Juniors,Final,6,175,sm,1.6,2.3,0.6956521739130436,"[-4.0, 0.0, -2.0, 0.0, 0.0]"
,157,Rock'n'Roll-Formation Juniors,Final,6,175,bm,0.0,8.0,0.0,"[0.0, 0.0, 0.0, 0.0, 0.0]"
,157,Rock'n'Roll-Formation Juniors,First round,1,303,DF,1.67,2.3,0.7260869565217392,"[6.0, 5.0, 9.0, 9.0, 6.0]"
,157,Rock'n'Roll-Formation Juniors,First round,1,303,CO,1.12,2.0,0.56,"[6.0, 4.5, 7.5, 7.5, 6.0]"
,157,Rock'n'Roll-Formation Juniors,First round,1,303,FM,1.79,2.0,0.895,"[9.0, 5.0, 10.0, 9.0, 7.0]"
,157,Rock'n'Roll-Formation Juniors,First round,1,303,FW,8.94,14.4,0.6208333333333332,"[-15.0, -25.0, -15.0, -35.0, -35.0]"
,157,Rock'n'Roll-Formation Juniors,First round,1,303,sm,0.8,2.3,0.3478260869565218,"[-2.0, 0.0, 0.0, 0.0, 0.0]"
,157,Rock'n'Roll-Formation Juniors,First round,1,303,bm,0.0,8.0,0.0,"[0.0, 0.0, 0.0, 0.0, 0.0]"
,157,Rock'n'Roll-Formation Juniors,First round,2,175,DF,1.02,2.3,0.44347826086956527,"[9.0, 7.0, 10.0, 9.0, 8.0]"
,157,Rock'n'Roll-Formation Juniors,First round,2,175,CO,1.2,2.0,0.6,"[9.0, 5.25, 6.75, 6.75, 6.75]"
yes,157,Rock'n'Roll-Formation Juniors,First round,2,175,FM,2.42,2.0,1.21,"[11.0, 9.0, 12.0, 10.0, 5.0]"
,157,Rock'n'Roll-Formation Juniors,First round,2,175,FW,8.72,14.4,0.6055555555555556,"[-10.0, -35.0, -15.0, -25.0, -25.0]"
,157,Rock'n'Roll-Formation Juniors,First round,2,175,sm,1.6,2.3,0.6956521739130436,"[-2.0, -4.0, 0.0, 0.0, 0.0]"
,157,Rock'n'Roll-Formation Juniors,First round,2,175,bm,0.0,8.0,0.0,"[0.0, 0.0, 0.0, 0.0, 0.0]"
,157,Rock'n'Roll-Formation Juniors,First round,3,144,DF,1.74,2.3,0.7565217391304349,"[12.0, 9.0, 13.0, 9.0, 9.0]"
,157,Rock'n'Roll-Formation Juniors,First round,3,144,CO,0.56,2.0,0.28,"[7.5, 7.5, 8.25, 8.25, 6.75]"
yes,157,Rock'n'Roll-Formation Juniors,First round,3,144,FM,2.0,2.0,1.0,"[12.0, 10.0, 14.0, 11.0, 8.0]"
,157,Rock'n'Roll-Formation Juniors,First round,3,144,FW,10.2,14.4,0.7083333333333333,"[-5.0, -15.0, -15.0, -35.0, -25.0]"
,157,Rock'n'Roll-Formation Juniors,First round,3,144,sm,0.0,2.3,0.0,"[0.0, 0.0, 0.0, 0.0, 0.0]"
,157,Rock'n'Roll-Formation Juniors,First round,3,144,bm,0.0,8.0,0.0,"[0.0, 0.0, 0.0, 0.0, 0.0]"
,157,Rock'n'Roll-Formation Juniors,First round,4,313,DF,1.33,2.3,0.5782608695652175,"[6.0, 6.0, 8.0, 7.0, 4.0]"
,157,Rock'n'Roll-Formation Juniors,First round,4,313,CO,0.99,2.0,0.495,"[4.5, 4.5, 5.25, 6.0, 3.0]"
,157,Rock'n'Roll-Formation Juniors,First round,4,313,FM,1.5,2.0,0.75,"[6.0, 5.0, 9.0, 7.0, 5.0]"
yes,157,Rock'n'Roll-Formation Juniors,First round,4,313,FW,17.44,14.4,1.2111111111111112,"[-25.0, -35.0, -35.0, -50.0, -75.0]"
yes,157,Rock'n'Roll-Formation Juniors,First round,4,313,sm,3.25,2.3,1.4130434782608696,"[-4.0, -10.0, -4.0, -12.0, -6.0]"
,157,Rock'n'Roll-Formation Juniors,First round,4,313,bm,0.0,8.0,0.0,"[0.0, 0.0, 0.0, 0.0, 0.0]"
,157,Rock'n'Roll-Formation Juniors,First round,5,67,DF,1.02,2.3,0.44347826086956527,"[8.0, 9.0, 8.0, 10.0, 7.0]"
,157,Rock'n'Roll-Formation Juniors,First round,5,67,CO,1.31,2.0,0.655,"[6.75, 5.25, 6.75, 8.25, 4.5]"
,157,Rock'n'Roll-Formation Juniors,First round,5,67,FM,1.67,2.0,0.835,"[10.0, 8.0, 8.0, 9.0, 5.0]"
,157,Rock'n'Roll-Formation Juniors,First round,5,67,FW,14.35,14.4,0.9965277777777777,"[-10.0, -15.0, -25.0, -35.0, -50.0]"
,157,Rock'n'Roll-Formation Juniors,First round,5,67,sm,0.0,2.3,0.0,"[-2.0, -2.0, -2.0, -2.0, -2.0]"
,157,Rock'n'Roll-Formation Juniors,First round,5,67,bm,0.0,8.0,0.0,"[0.0, 0.0, 0.0, 0.0, 0.0]"
,157,Rock'n'Roll-Formation Juniors,First round,6,65,DF,1.6,2.3,0.6956521739130436,"[12.0, 9.0, 13.0, 11.0, 9.0]"
,157,Rock'n'Roll-Formation Juniors,First round,6,65,CO,0.56,2.0,0.28,"[8.25, 8.25, 9.0, 9.0, 7.5]"
,157,Rock'n'Roll-Formation Juniors,First round,6,65,FM,1.02,2.0,0.51,"[12.0, 10.0, 13.0, 12.0, 11.0]"
,157,Rock'n'Roll-Formation Juniors,First round,6,65,FW,6.32,14.4,0.4388888888888889,"[-5.0, -15.0, -15.0, -25.0, -15.0]"
,157,Rock'n'Roll-Formation Juniors,First round,6,65,sm,0.98,2.3,0.42608695652173917,"[-2.0, 0.0, -2.0, 0.0, 0.0]"
,157,Rock'n'Roll-Formation Juniors,First round,6,65,bm,0.0,8.0,0.0,"[0.0, 0.0, 0.0, 0.0, 0.0]"
,157,Rock'n'Roll-Formation Juniors,First round,7,37,DF,0.75,2.3,0.32608695652173914,"[13.0, 12.0, 11.0, 12.0, 11.0]"
,157,Rock'n'Roll-Formation Juniors,First round,7,37,CO,0.76,2.0,0.38,"[8.25, 9.0, 9.0, 9.75, 10.5]"
,157,Rock'n'Roll-Formation Juniors,First round,7,37,FM,1.62,2.0,0.81,"[15.0, 10.0, 13.0, 12.0, 12.0]"
,157,Rock'n'Roll-Formation Juniors,First round,7,37,FW,4.9,14.4,0.3402777777777778,"[0.0, -10.0, -10.0, -15.0, -10.0]"
,157,Rock'n'Roll-Formation Juniors,First round,7,37,sm,0.0,2.3,0.0,"[0.0, 0.0, 0.0, 0.0, 0.0]"
,157,Rock'n'Roll-Formation Juniors,First round,7,37,bm,0.0,8.0,0.0,"[0.0, 0.0, 0.0, 0.0, 0.0]"
,157,Rock'n'Roll-Formation,Final,1,208,DF,0.98,2.3,0.42608695652173917,"[13.0, 12.0, 10.0, 12.0, 12.0]"
,157,Rock'n'Roll-Formation,Final,1,208,CO,1.02,2.0,0.51,"[9.0, 9.0, 8.25, 9.0, 11.25]"
,157,Rock'n'Roll-Formation,Final,1,208,FM,1.1,2.0,0.55,"[15.0, 13.0, 12.0, 13.0, 12.0]"
,157,Rock'n'Roll-Formation,Final,1,208,FW,5.48,14.4,0.3805555555555556,"[0.0, -10.0, -15.0, -10.0, -15.0]"
,157,Rock'n'Roll-Formation,Final,1,208,sm,0.0,2.3,0.0,"[0.0, 0.0, 0.0, 0.0, 0.0]"
,157,Rock'n'Roll-Formation,Final,1,208,bm,0.0,8.0,0.0,"[0.0, 0.0, 0.0, 0.0, 0.0]"
,157,Rock'n'Roll-Formation,Final,2,77,DF,2.24,2.3,0.973913043478261,"[12.0, 13.0, 9.0, 12.0, 7.0]"
,157,Rock'n'Roll-Formation,Final,2,77,CO,1.02,2.0,0.51,"[9.0, 9.75, 8.25, 9.0, 6.75]"
,157,Rock'n'Roll-Formation,Final,2,77,FM,1.72,2.0,0.86,"[12.0, 13.0, 12.0, 11.0, 8.0]"
,157,Rock'n'Roll-Formation,Final,2,77,FW,11.4,14.4,0.7916666666666666,"[0.0, -10.0, -15.0, -15.0, -35.0]"
,157,Rock'n'Roll-Formation,Final,2,77,sm,0.0,2.3,0.0,"[0.0, 0.0, 0.0, 0.0, 0.0]"
,157,Rock'n'Roll-Formation,Final,2,77,bm,0.0,8.0,0.0,"[0.0, 0.0, 0.0, 0.0, 0.0]"
,157,Rock'n'Roll-Formation,Final,3,128,DF,1.96,2.3,0.8521739130434783,"[10.0, 9.0, 10.0, 12.0, 6.0]"
,157,Rock'n'Roll-Formation,Final,3,128,CO,1.02,2.0,0.51,"[7.5, 7.5, 7.5, 9.75, 6.75]"
,157,Rock'n'Roll-Formation,Final,3,128,FM,1.62,2.0,0.81,"[11.0, 10.0, 10.0, 13.0, 8.0]"
,157,Rock'n'Roll-Formation,Final,3,128,FW,11.83,14.4,0.8215277777777777,"[0.0, -15.0, -25.0, -25.0, -35.0]"
,157,Rock'n'Roll-Formation,Final,3,128,sm,0.8,2.3,0.3478260869565218,"[-2.0, 0.0, 0.0, 0.0, 0.0]"
,157,Rock'n'Roll-Formation,Final,3,128,bm,0.0,8.0,0.0,"[0.0, 0.0, 0.0, 0.0, 0.0]"
yes,157,Rock'n'Roll-Main Class Start,Final,1,118,DF,2.7,2.3,1.173913043478261,"[13.75, 8.75, 15.0]"
yes,157,Rock'n'Roll-Main Class Start,Final,1,118,CO,2.05,2.0,1.025,"[10.0, 8.0, 13.0]"
,157,Rock'n'Roll-Main Class Start,Final,1,118,FM,1.03,2.0,0.515,"[10.0, 8.5, 7.5]"
,157,Rock'n'Roll-Main Class Start,Final,1,118,FW,10.27,14.4,0.7131944444444444,"[0.0, -15.0, -25.0]"
,157,Rock'n'Roll-Main Class Start,Final,1,118,sm,0.94,2.3,0.40869565217391307,"[-2.0, 0.0, 0.0]"
yes,157,Rock'n'Roll-Main Class Start,Final,1,118,bm,9.43,8.0,1.17875,"[-10.0, -30.0, -30.0]"
yes,157,Rock'n'Roll-Main Class Start,Final,2,236,DF,2.36,2.3,1.0260869565217392,"[12.5, 7.5, 12.5]"
yes,157,Rock'n'Roll-Main Class Start,Final,2,236,CO,2.36,2.0,1.18,"[12.0, 7.0, 12.0]"
,157,Rock'n'Roll-Main Class Start,Final,2,236,FM,0.85,2.0,0.425,"[9.5, 7.5, 9.0]"
,157,Rock'n'Roll-Main Class Start,Final,2,236,FW,7.07,14.4,0.49097222222222225,"[-10.0, -25.0, -25.0]"
,157,Rock'n'Roll-Main Class Start,Final,2,236,sm,0.94,2.3,0.40869565217391307,"[-2.0, 0.0, 0.0]"
,157,Rock'n'Roll-Main Class Start,Final,2,236,bm,0.0,8.0,0.0,"[0.0, 0.0, 0.0]"
yes,157,Rock'n'Roll-Main Class Start,Final,3,142,DF,2.7,2.3,1.173913043478261,"[12.5, 7.5, 13.75]"
yes,157,Rock'n'Roll-Main Class Start,Final,3,142,CO,2.45,2.0,1.225,"[9.0, 6.0, 12.0]"
,157,Rock'n'Roll-Main Class Start,Final,3,142,FM,1.31,2.0,0.655,"[9.5, 6.5, 9.0]"
,157,Rock'n'Roll-Main Class Start,Final,3,142,FW,11.79,14.4,0.8187499999999999,"[-10.0, -35.0, -35.0]"
,157,Rock'n'Roll-Main Class Start,Final,3,142,sm,0.0,2.3,0.0,"[0.0, 0.0, 0.0]"
,157,Rock'n'Roll-Main Class Start,Final,3,142,bm,0.0,8.0,0.0,"[0.0, 0.0, 0.0]"
,157,Rock'n'Roll-Main Class Start,Final,4,226,DF,1.02,2.3,0.44347826086956527,"[13.75, 11.25, 12.5]"
,157,Rock'n'Roll-Main Class Start,Final,4,226,CO,1.7,2.0,0.85,"[12.0, 8.0, 11.0]"
,157,Rock'n'Roll-Main Class Start,Final,4,226,FM,1.47,2.0,0.735,"[10.0, 7.5, 6.5]"
,157,Rock'n'Roll-Main Class Start,Final,4,226,FW,7.07,14.4,0.49097222222222225,"[0.0, -15.0, -15.0]"
,157,Rock'n'Roll-Main Class Start,Final,4,226,sm,0.0,2.3,0.0,"[0.0, 0.0, 0.0]"
,157,Rock'n'Roll-Main Class Start,Final,4,226,bm,0.0,8.0,0.0,"[0.0, 0.0, 0.0]"
,157,Rock'n'Roll-Main Class Start,Final,5,60,DF,0.59,2.3,0.2565217391304348,"[15.0, 13.75, 13.75]"
,157,Rock'n'Roll-Main Class Start,Final,5,60,CO,0.94,2.0,0.47,"[11.0, 9.0, 11.0]"
,157,Rock'n'Roll-Main Class Start,Final,5,60,FM,0.41,2.0,0.205,"[9.5, 8.5, 9.0]"
,157,Rock'n'Roll-Main Class Start,Final,5,60,FW,4.71,14.4,0.32708333333333334,"[-5.0, -15.0, -15.0]"
,157,Rock'n'Roll-Main Class Start,Final,5,60,sm,0.0,2.3,0.0,"[0.0, 0.0, 0.0]"
,157,Rock'n'Roll-Main Class Start,Final,5,60,bm,0.0,8.0,0.0,"[0.0, 0.0, 0.0]"
,157,Rock'n'Roll-Main Class Contact Style,Final - Foot technique,1,363,DF,0.95,2.3,0.41304347826086957,"[7.5, 6.875, 6.25, 7.5, 9.375, 7.5]"
,157,Rock'n'Roll-Main Class Contact Style,Final - Foot technique,1,363,CO,1.29,2.0,0.645,"[5.5, 4.5, 5.0, 6.0, 8.5, 6.5]"
,157,Rock'n'Roll-Main Class Contact Style,Final - Foot technique,1,363,FM,0.29,2.0,0.145,"[5.0, 4.25, 4.25, 4.25, 4.75, 4.5]"
,157,Rock'n'Roll-Main Class Contact Style,Final - Foot technique,1,363,FW,4.33,14.4,0.30069444444444443,"[-50.0, -62.5, -62.5, -57.5, -55.0, -57.5]"
,157,Rock'n'Roll-Main Class Contact Style,Final - Foot technique,1,363,sm,0.0,2.3,0.0,"[0.0, 0.0, 0.0, 0.0, 0.0, 0.0]"
,157,Rock'n'Roll-Main Class Contact Style,Final - Foot technique,1,363,bm,0.0,8.0,0.0,"[0.0, 0.0, 0.0, 0.0, 0.0, 0.0]"
,157,Rock'n'Roll-Main Class Contact Style,Final - Foot technique,2,148,DF,1.47,2.3,0.6391304347826088,"[6.875, 6.875, 4.375, 6.25, 9.375, 6.25]"
,157,Rock'n'Roll-Main Class Contact Style,Final - Foot technique,2,148,CO,1.31,2.0,0.655,"[5.0, 5.0, 4.0, 6.5, 8.0, 6.5]"
,157,Rock'n'Roll-Main Class Contact Style,Final - Foot technique,2,148,FM,0.38,2.0,0.19,"[5.0, 4.25, 4.5, 3.75, 4.25, 4.5]"
,157,Rock'n'Roll-Main Class Contact Style,Final - Foot technique,2,148,FW,2.67,14.4,0.18541666666666665,"[-50.0, -57.5, -57.5, -57.5, -55.0, -55.0]"
,157,Rock'n'Roll-Main Class Contact Style,Final - Foot technique,2,148,sm,0.0,2.3,0.0,"[0.0, 0.0, 0.0, 0.0, 0.0, 0.0]"
,157,Rock'n'Roll-Main Class Contact Style,Final - Foot technique,2,148,bm,0.0,8.0,0.0,"[0.0, 0.0, 0.0, 0.0, 0.0, 0.0]"
,157,Rock'n'Roll-Main Class Contact Style,Final - Foot technique,3,430,DF,1.32,2.3,0.5739130434782609,"[7.5, 5.625, 4.375, 6.25, 8.125, 5.0]"
,157,Rock'n'Roll-Main Class Contact Style,Final - Foot technique,3,430,CO,1.46,2.0,0.73,"[6.5, 3.5, 4.0, 5.0, 7.5, 4.0]"
,157,Rock'n'Roll-Main Class Contact Style,Final - Foot technique,3,430,FM,0.55,2.0,0.275,"[5.0, 3.25, 3.75, 3.75, 4.25, 4.25]"
,157,Rock'n'Roll-Main Class Contact Style,Final - Foot technique,3,430,FW,4.71,14.4,0.32708333333333334,"[-50.0, -57.5, -62.5, -62.5, -62.5, -55.0]"
,157,Rock'n'Roll-Main Class Contact Style,Final - Foot technique,3,430,sm,0.0,2.3,0.0,"[0.0, 0.0, 0.0, 0.0, 0.0, 0.0]"
,157,Rock'n'Roll-Main Class Contact Style,Final - Foot technique,3,430,bm,0.0,8.0,0.0,"[0.0, 0.0, 0.0, 0.0, 0.0, 0.0]"
,157,Rock'n'Roll-Main Class Contact Style,Final - Foot technique,4,362,DF,0.87,2.3,0.37826086956521743,"[7.5, 6.875, 8.125, 6.875, 9.375, 8.125]"
,157,Rock'n'Roll-Main Class Contact Style,Final - Foot technique,4,362,CO,0.9,2.0,0.45,"[7.0, 5.5, 7.0, 5.5, 8.0, 7.0]"
,157,Rock'n'Roll-Main Class Contact Style,Final - Foot technique,4,362,FM,0.54,2.0,0.27,"[5.0, 3.75, 4.75, 3.75, 5.0, 4.75]"
,157,Rock'n'Roll-Main Class Contact Style,Final - Foot technique,4,362,FW,3.73,14.4,0.25902777777777775,"[-50.0, -62.5, -55.0, -57.5, -55.0, -55.0]"
,157,Rock'n'Roll-Main Class Contact Style,Final - Foot technique,4,362,sm,0.0,2.3,0.0,"[0.0, 0.0, 0.0, 0.0, 0.0, 0.0]"
,157,Rock'n'Roll-Main Class Contact Style,Final - Foot technique,4,362,bm,0.0,8.0,0.0,"[0.0, 0.0, 0.0, 0.0, 0.0, 0.0]"
,157,Rock'n'Roll-Main Class Contact Style,Final - Foot technique,5,28,DF,1.28,2.3,0.5565217391304348,"[6.25, 6.25, 6.25, 6.875, 8.75, 4.375]"
,157,Rock'n'Roll-Main Class Contact Style,Final - Foot technique,5,28,CO,0.94,2.0,0.47,"[5.5, 5.5, 5.0, 6.0, 7.5, 4.5]"
,157,Rock'n'Roll-Main Class Contact Style,Final - Foot technique,5,28,FM,0.58,2.0,0.29,"[5.0, 3.75, 3.25, 3.75, 3.25, 3.75]"
,157,Rock'n'Roll-Main Class Contact Style,Final - Foot technique,5,28,FW,4.19,14.4,0.29097222222222224,"[-50.0, -57.5, -62.5, -57.5, -62.5, -57.5]"
,157,Rock'n'Roll-Main Class Contact Style,Final - Foot technique,5,28,sm,0.0,2.3,0.0,"[0.0, 0.0, 0.0, 0.0, 0.0, 0.0]"
,157,Rock'n'Roll-Main Class Contact Style,Final - Foot technique,5,28,bm,0.0,8.0,0.0,"[0.0, 0.0, 0.0, 0.0, 0.0, 0.0]"
,157,Rock'n'Roll-Main Class Contact Style,Final - Foot technique,6,36,DF,1.65,2.3,0.717391304347826,"[7.5, 5.625, 5.0, 6.875, 8.75, 3.75]"
,157,Rock'n'Roll-Main Class Contact Style,Final - Foot technique,6,36,CO,1.31,2.0,0.655,"[5.0, 4.5, 4.0, 5.5, 8.0, 4.5]"
,157,Rock'n'Roll-Main Class Contact Style,Final - Foot technique,6,36,FM,0.43,2.0,0.215,"[5.0, 4.25, 3.75, 3.75, 4.25, 4.5]"
,157,Rock'n'Roll-Main Class Contact Style,Final - Foot technique,6,36,FW,3.82,14.4,0.2652777777777778,"[-52.5, -62.5, -57.5, -62.5, -62.5, -62.5]"
,157,Rock'n'Roll-Main Class Contact Style,Final - Foot technique,6,36,sm,0.0,2.3,0.0,"[0.0, 0.0, 0.0, 0.0, 0.0, 0.0]"
,157,Rock'n'Roll-Main Class Contact Style,Final - Foot technique,6,36,bm,0.0,8.0,0.0,"[0.0, 0.0, 0.0, 0.0, 0.0, 0.0]"
,157,Rock'n'Roll-Main Class Contact Style,Final - Acrobatic,1,430,DF,0.78,2.3,0.33913043478260874,"[6.25, 4.375, 5.625]"
,157,Rock'n'Roll-Main Class Contact Style,Final - Acrobatic,1,430,CO,0.24,2.0,0.12,"[4.5, 4.0, 4.0]"
,157,Rock'n'Roll-Main Class Contact Style,Final - Acrobatic,1,430,FM,0.51,2.0,0.255,"[5.0, 3.75, 4.5]"
,157,Rock'n'Roll-Main Class Contact Style,Final - Acrobatic,1,430,FW,5.14,14.4,0.3569444444444444,"[-50.0, -62.5, -57.5]"
,157,Rock'n'Roll-Main Class Contact Style,Final - Acrobatic,1,430,sm,0.0,2.3,0.0,"[0.0, 0.0, 0.0]"
,157,Rock'n'Roll-Main Class Contact Style,Final - Acrobatic,1,430,bm,0.0,8.0,0.0,"[0.0, 0.0, 0.0]"
,157,Rock'n'Roll-Main Class Contact Style,Final - Acrobatic,2,363,DF,0.78,2.3,0.33913043478260874,"[6.875, 5.625, 5.0]"
,157,Rock'n'Roll-Main Class Contact Style,Final - Acrobatic,2,363,CO,0.24,2.0,0.12,"[5.0, 5.0, 4.5]"
,157,Rock'n'Roll-Main Class Contact Style,Final - Acrobatic,2,363,FM,0.51,2.0,0.255,"[5.0, 3.75, 4.5]"
,157,Rock'n'Roll-Main Class Contact Style,Final - Acrobatic,2,363,FW,3.54,14.4,0.24583333333333332,"[-50.0, -57.5, -57.5]"
,157,Rock'n'Roll-Main Class Contact Style,Final - Acrobatic,2,363,sm,0.0,2.3,0.0,"[0.0, 0.0, 0.0]"
,157,Rock'n'Roll-Main Class Contact Style,Final - Acrobatic,2,363,bm,0.0,8.0,0.0,"[0.0, 0.0, 0.0]"
,157,Rock'n'Roll-Main Class Contact Style,Final - Acrobatic,3,36,DF,1.02,2.3,0.44347826086956527,"[6.875, 5.625, 4.375]"
,157,Rock'n'Roll-Main Class Contact Style,Final - Acrobatic,3,36,CO,0.24,2.0,0.12,"[4.5, 4.5, 4.0]"
,157,Rock'n'Roll-Main Class Contact Style,Final - Acrobatic,3,36,FM,0.62,2.0,0.31,"[4.75, 3.25, 4.25]"
,157,Rock'n'Roll-Main Class Contact Style,Final - Acrobatic,3,36,FW,5.14,14.4,0.3569444444444444,"[-55.0, -62.5, -67.5]"
,157,Rock'n'Roll-Main Class Contact Style,Final - Acrobatic,3,36,sm,0.94,2.3,0.40869565217391307,"[-2.0, 0.0, 0.0]"
,157,Rock'n'Roll-Main Class Contact Style,Final - Acrobatic,3,36,bm,0.0,8.0,0.0,"[0.0, 0.0, 0.0]"
,157,Rock'n'Roll-Main Class Contact Style,Final - Acrobatic,4,362,DF,0.59,2.3,0.2565217391304348,"[8.125, 6.875, 8.125]"
,157,Rock'n'Roll-Main Class Contact Style,Final - Acrobatic,4,362,CO,0.41,2.0,0.205,"[6.0, 5.5, 6.5]"
,157,Rock'n'Roll-Main Class Contact Style,Final - Acrobatic,4,362,FM,0.54,2.0,0.27,"[5.0, 3.75, 4.75]"
,157,Rock'n'Roll-Main Class Contact Style,Final - Acrobatic,4,362,FW,3.12,14.4,0.21666666666666667,"[-50.0, -57.5, -55.0]"
,157,Rock'n'Roll-Main Class Contact Style,Final - Acrobatic,4,362,sm,0.0,2.3,0.0,"[0.0, 0.0, 0.0]"
,157,Rock'n'Roll-Main Class Contact Style,Final - Acrobatic,4,362,bm,0.0,8.0,0.0,"[0.0, 0.0, 0.0]"
,157,Rock'n'Roll-Main Class Contact Style,Final - Acrobatic,5,28,DF,0.59,2.3,0.2565217391304348,"[5.625, 5.625, 4.375]"
,157,Rock'n'Roll-Main Class Contact Style,Final - Acrobatic,5,28,CO,0.41,2.0,0.205,"[4.5, 5.0, 4.0]"
,157,Rock'n'Roll-Main Class Contact Style,Final - Acrobatic,5,28,FM,0.74,2.0,0.37,"[5.0, 3.75, 3.25]"
,157,Rock'n'Roll-Main Class Contact Style,Final - Acrobatic,5,28,FW,4.71,14.4,0.32708333333333334,"[-52.5, -62.5, -62.5]"
,157,Rock'n'Roll-Main Class Contact Style,Final - Acrobatic,5,28,sm,1.63,2.3,0.7086956521739131,"[-2.0, -4.0, 0.0]"
,157,Rock'n'Roll-Main Class Contact Style,Final - Acrobatic,5,28,bm,0.0,8.0,0.0,"[0.0, 0.0, 0.0]"
,157,Rock'n'Roll-Main Class Contact Style,Final - Acrobatic,6,148,DF,0.78,2.3,0.33913043478260874,"[5.625, 5.0, 3.75]"
,157,Rock'n'Roll-Main Class Contact Style,Final - Acrobatic,6,148,CO,0.94,2.0,0.47,"[4.5, 4.5, 2.5]"
,157,Rock'n'Roll-Main Class Contact Style,Final - Acrobatic,6,148,FM,0.41,2.0,0.205,"[4.75, 3.75, 4.25]"
,157,Rock'n'Roll-Main Class Contact Style,Final - Acrobatic,6,148,FW,2.04,14.4,0.14166666666666666,"[-52.5, -57.5, -55.0]"
,157,Rock'n'Roll-Main Class Contact Style,Final - Acrobatic,6,148,sm,0.94,2.3,0.40869565217391307,"[-2.0, 0.0, -2.0]"
,157,Rock'n'Roll-Main Class Contact Style,Final - Acrobatic,6,148,bm,0.0,8.0,0.0,"[0.0, 0.0, 0.0]"
,157,Rock'n'Roll-Main Class Free Style,Final - Foot technique,1,184,DF,1.51,2.3,0.6565217391304349,"[6.875, 6.875, 6.25, 6.875, 10.0, 5.0]"
,157,Rock'n'Roll-Main Class Free Style,Final - Foot technique,1,184,CO,1.22,2.0,0.61,"[6.5, 5.5, 5.0, 5.5, 8.5, 5.0]"
,157,Rock'n'Roll-Main Class Free Style,Final - Foot technique,1,184,FM,0.27,2.0,0.135,"[5.0, 4.25, 4.5, 4.25, 4.75, 4.5]"
,157,Rock'n'Roll-Main Class Free Style,Final - Foot technique,1,184,FW,2.89,14.4,0.20069444444444445,"[-50.0, -57.5, -55.0, -57.5, -52.5, -57.5]"
,157,Rock'n'Roll-Main Class Free Style,Final - Foot technique,1,184,sm,0.0,2.3,0.0,"[0.0, 0.0, 0.0, 0.0, 0.0, 0.0]"
,157,Rock'n'Roll-Main Class Free Style,Final - Foot technique,1,184,bm,0.0,8.0,0.0,"[0.0, 0.0, 0.0, 0.0, 0.0, 0.0]"
,157,Rock'n'Roll-Main Class Free Style,Final - Foot technique,2,41,DF,0.98,2.3,0.42608695652173917,"[6.25, 7.5, 6.875, 6.875, 8.75, 5.625]"
,157,Rock'n'Roll-Main Class Free Style,Final - Foot technique,2,41,CO,0.63,2.0,0.315,"[6.0, 6.5, 6.0, 5.5, 7.5, 6.0]"
,157,Rock'n'Roll-Main Class Free Style,Final - Foot technique,2,41,FM,0.41,2.0,0.205,"[5.0, 4.25, 4.5, 3.75, 4.75, 4.75]"
,157,Rock'n'Roll-Main Class Free Style,Final - Foot technique,2,41,FW,1.91,14.4,0.1326388888888889,"[-52.5, -57.5, -57.5, -57.5, -55.0, -57.5]"
,157,Rock'n'Roll-Main Class Free Style,Final - Foot technique,2,41,sm,0.0,2.3,0.0,"[0.0, 0.0, 0.0, 0.0, 0.0, 0.0]"
,157,Rock'n'Roll-Main Class Free Style,Final - Foot technique,2,41,bm,0.0,8.0,0.0,"[0.0, 0.0, 0.0, 0.0, 0.0, 0.0]"
,157,Rock'n'Roll-Main Class Free Style,Final - Foot technique,3,63,DF,1.05,2.3,0.4565217391304348,"[4.375, 5.0, 5.625, 6.875, 6.875, 4.375]"
,157,Rock'n'Roll-Main Class Free Style,Final - Foot technique,3,63,CO,0.98,2.0,0.49,"[4.5, 4.0, 4.0, 6.5, 5.0, 3.5]"
,157,Rock'n'Roll-Main Class Free Style,Final - Foot technique,3,63,FM,0.46,2.0,0.23,"[4.5, 3.75, 4.25, 3.25, 4.5, 3.75]"
,157,Rock'n'Roll-Main Class Free Style,Final - Foot technique,3,63,FW,4.02,14.4,0.2791666666666666,"[-55.0, -62.5, -62.5, -62.5, -57.5, -67.5]"
,157,Rock'n'Roll-Main Class Free Style,Final - Foot technique,3,63,sm,0.0,2.3,0.0,"[0.0, 0.0, 0.0, 0.0, 0.0, 0.0]"
,157,Rock'n'Roll-Main Class Free Style,Final - Foot technique,3,63,bm,0.0,8.0,0.0,"[0.0, 0.0, 0.0, 0.0, 0.0, 0.0]"
,157,Rock'n'Roll-Main Class Free Style,Final - Foot technique,4,86,DF,1.67,2.3,0.7260869565217392,"[5.0, 5.625, 4.375, 6.875, 8.75, 3.75]"
,157,Rock'n'Roll-Main Class Free Style,Final - Foot technique,4,86,CO,1.59,2.0,0.795,"[4.5, 4.0, 4.5, 6.5, 8.5, 4.5]"
,157,Rock'n'Roll-Main Class Free Style,Final - Foot technique,4,86,FM,0.56,2.0,0.28,"[4.75, 3.75, 3.75, 3.25, 4.75, 3.75]"
,157,Rock'n'Roll-Main Class Free Style,Final - Foot technique,4,86,FW,5.34,14.4,0.3708333333333333,"[-52.5, -62.5, -67.5, -67.5, -57.5, -62.5]"
,157,Rock'n'Roll-Main Class Free Style,Final - Foot technique,4,86,sm,0.75,2.3,0.32608695652173914,"[-2.0, 0.0, 0.0, 0.0, 0.0, 0.0]"
,157,Rock'n'Roll-Main Class Free Style,Final - Foot technique,4,86,bm,0.0,8.0,0.0,"[0.0, 0.0, 0.0, 0.0, 0.0, 0.0]"
,157,Rock'n'Roll-Main Class Free Style,Final - Foot technique,5,222,DF,1.64,2.3,0.7130434782608696,"[4.375, 5.0, 5.0, 6.875, 8.125, 3.125]"
,157,Rock'n'Roll-Main Class Free Style,Final - Foot technique,5,222,CO,1.5,2.0,0.75,"[4.0, 4.0, 3.0, 6.0, 7.0, 3.0]"
,157,Rock'n'Roll-Main Class Free Style,Final - Foot technique,5,222,FM,0.37,2.0,0.185,"[4.25, 3.25, 3.25, 3.25, 3.25, 3.25]"
,157,Rock'n'Roll-Main Class Free Style,Final - Foot technique,5,222,FW,4.71,14.4,0.32708333333333334,"[-52.5, -57.5, -57.5, -67.5, -57.5, -62.5]"
,157,Rock'n'Roll-Main Class Free Style,Final - Foot technique,5,222,sm,0.0,2.3,0.0,"[0.0, 0.0, 0.0, 0.0, 0.0, 0.0]"
,157,Rock'n'Roll-Main Class Free Style,Final - Foot technique,5,222,bm,0.0,8.0,0.0,"[0.0, 0.0, 0.0, 0.0, 0.0, 0.0]"
,157,Rock'n'Roll-Main Class Free Style,Final - Acrobatic,1,184,DF,0.51,2.3,0.22173913043478263,"[6.875, 7.5, 8.125]"
,157,Rock'n'Roll-Main Class Free Style,Final - Acrobatic,1,184,CO,0.62,2.0,0.31,"[4.5, 5.5, 6.0]"
,157,Rock'n'Roll-Main Class Free Style,Final - Acrobatic,1,184,FM,0.2,2.0,0.1,"[4.25, 4.5, 4.75]"
,157,Rock'n'Roll-Main Class Free Style,Final - Acrobatic,1,184,FW,1.18,14.4,0.08194444444444444,"[-57.5, -57.5, -55.0]"
,157,Rock'n'Roll-Main Class Free Style,Final - Acrobatic,1,184,sm,0.0,2.3,0.0,"[0.0, 0.0, 0.0]"
yes,157,Rock'n'Roll-Main Class Free Style,Final - Acrobatic,1,184,bm,14.14,8.0,1.7675,"[-30.0, -60.0, -30.0]"
,157,Rock'n'Roll-Main Class Free Style,Final - Acrobatic,2,222,DF,0.29,2.3,0.12608695652173912,"[5.625, 6.25, 6.25]"
,157,Rock'n'Roll-Main Class Free Style,Final - Acrobatic,2,222,CO,0.82,2.0,0.41,"[4.0, 5.0, 6.0]"
,157,Rock'n'Roll-Main Class Free Style,Final - Acrobatic,2,222,FM,0.41,2.0,0.205,"[3.75, 3.25, 4.25]"
,157,Rock'n'Roll-Main Class Free Style,Final - Acrobatic,2,222,FW,2.36,14.4,0.1638888888888889,"[-57.5, -62.5, -57.5]"
,157,Rock'n'Roll-Main Class Free Style,Final - Acrobatic,2,222,sm,0.94,2.3,0.40869565217391307,"[0.0, -2.0, 0.0]"
,157,Rock'n'Roll-Main Class Free Style,Final - Acrobatic,2,222,bm,0.0,8.0,0.0,"[0.0, 0.0, 0.0]"
,157,Rock'n'Roll-Main Class Free Style,Final - Acrobatic,3,41,DF,1.18,2.3,0.5130434782608696,"[6.25, 3.75, 6.25]"
,157,Rock'n'Roll-Main Class Free Style,Final - Acrobatic,3,41,CO,0.71,2.0,0.355,"[4.5, 3.0, 4.5]"
,157,Rock'n'Roll-Main Class Free Style,Final - Acrobatic,3,41,FM,0.62,2.0,0.31,"[4.25, 3.25, 4.75]"
,157,Rock'n'Roll-Main Class Free Style,Final - Acrobatic,3,41,FW,2.36,14.4,0.1638888888888889,"[-57.5, -62.5, -57.5]"
,157,Rock'n'Roll-Main Class Free Style,Final - Acrobatic,3,41,sm,0.0,2.3,0.0,"[0.0, 0.0, 0.0]"
yes,157,Rock'n'Roll-Main Class Free Style,Final - Acrobatic,3,41,bm,12.47,8.0,1.55875,"[-30.0, -60.0, -40.0]"
,157,Rock'n'Roll-Main Class Free Style,Final - Acrobatic,4,86,DF,1.28,2.3,0.5565217391304348,"[3.75, 5.625, 6.875]"
,157,Rock'n'Roll-Main Class Free Style,Final - Acrobatic,4,86,CO,1.03,2.0,0.515,"[3.5, 4.5, 6.0]"
,157,Rock'n'Roll-Main Class Free Style,Final - Acrobatic,4,86,FM,0.51,2.0,0.255,"[3.75, 3.25, 4.5]"
,157,Rock'n'Roll-Main Class Free Style,Final - Acrobatic,4,86,FW,2.36,14.4,0.1638888888888889,"[-62.5, -62.5, -57.5]"
,157,Rock'n'Roll-Main Class Free Style,Final - Acrobatic,4,86,sm,0.0,2.3,0.0,"[0.0, 0.0, 0.0]"
,157,Rock'n'Roll-Main Class Free Style,Final - Acrobatic,4,86,bm,0.0,8.0,0.0,"[0.0, 0.0, 0.0]"
,157,Rock'n'Roll-Main Class Free Style,Final - Acrobatic,5,63,DF,0.88,2.3,0.3826086956521739,"[4.375, 6.25, 6.25]"
,157,Rock'n'Roll-Main Class Free Style,Final - Acrobatic,5,63,CO,0.94,2.0,0.47,"[3.0, 5.0, 5.0]"
,157,Rock'n'Roll-Main Class Free Style,Final - Acrobatic,5,63,FM,0.31,2.0,0.155,"[4.25, 3.75, 4.5]"
,157,Rock'n'Roll-Main Class Free Style,Final - Acrobatic,5,63,FW,4.71,14.4,0.32708333333333334,"[-57.5, -67.5, -57.5]"
,157,Rock'n'Roll-Main Class Free Style,Final - Acrobatic,5,63,sm,0.0,2.3,0.0,"[0.0, 0.0, 0.0]"
,157,Rock'n'Roll-Main Class Free Style,Final - Acrobatic,5,63,bm,0.0,8.0,0.0,"[0.0, 0.0, 0.0]"
,157,Rock'n'Roll-Main Class Start,Final,1,118,Acro 1,11.79,12.0,0.9824999999999999,"[-75.0, -75.0, -100.0]"
yes,157,Rock'n'Roll-Main Class Start,Final,1,118,Acro 2,14.72,12.0,1.2266666666666668,"[-25.0, -15.0, -50.0]"
,157,Rock'n'Roll-Main Class Start,Final,1,118,Acro 3,2.36,12.0,0.19666666666666666,"[-5.0, -10.0, -10.0]"
,157,Rock'n'Roll-Main Class Start,Final,1,118,Acro 4,9.43,12.0,0.7858333333333333,"[-15.0, -15.0, -35.0]"
yes,157,Rock'n'Roll-Main Class Start,Final,1,118,Acro 5,14.72,12.0,1.2266666666666668,"[-25.0, -50.0, -15.0]"
yes,157,Rock'n'Roll-Main Class Start,Final,1,118,Acro 6,42.43,12.0,3.535833333333333,"[-100.0, -100.0, -10.0]"
,157,Rock'n'Roll-Main Class Start,Final,2,236,Acro 1,4.08,12.0,0.34,"[0.0, -5.0, -10.0]"
,157,Rock'n'Roll-Main Class Start,Final,2,236,Acro 2,0.0,12.0,0.0,"[-10.0, -10.0, -10.0]"
,157,Rock'n'Roll-Main Class Start,Final,2,236,Acro 3,6.24,12.0,0.52,"[-15.0, -25.0, -10.0]"
,157,Rock'n'Roll-Main Class Start,Final,2,236,Acro 4,10.27,12.0,0.8558333333333333,"[-25.0, -50.0, -35.0]"
,157,Rock'n'Roll-Main Class Start,Final,2,236,Acro 5,9.43,12.0,0.7858333333333333,"[-15.0, -35.0, -15.0]"
,157,Rock'n'Roll-Main Class Start,Final,2,236,Acro 6,4.71,12.0,0.3925,"[-25.0, -35.0, -25.0]"
,157,Rock'n'Roll-Main Class Start,Final,3,142,Acro 1,2.36,12.0,0.19666666666666666,"[-10.0, -5.0, -5.0]"
,157,Rock'n'Roll-Main Class Start,Final,3,142,Acro 2,0.0,12.0,0.0,"[-35.0, -35.0, -35.0]"
,157,Rock'n'Roll-Main Class Start,Final,3,142,Acro 3,4.71,12.0,0.3925,"[-25.0, -15.0, -15.0]"
,157,Rock'n'Roll-Main Class Start,Final,3,142,Acro 4,4.71,12.0,0.3925,"[-15.0, -25.0, -15.0]"
,157,Rock'n'Roll-Main Class Start,Final,3,142,Acro 5,4.71,12.0,0.3925,"[-15.0, -15.0, -25.0]"
,157,Rock'n'Roll-Main Class Start,Final,3,142,Acro 6,10.27,12.0,0.8558333333333333,"[-15.0, 0.0, -25.0]"
,157,Rock'n'Roll-Main Class Start,Final,4,226,Acro 1,0.0,12.0,0.0,"[-10.0, -10.0, -10.0]"
,157,Rock'n'Roll-Main Class Start,Final,4,226,Acro 2,2.36,12.0,0.19666666666666666,"[-15.0, -15.0, -10.0]"
,157,Rock'n'Roll-Main Class Start,Final,4,226,Acro 3,8.5,12.0,0.7083333333333334,"[-10.0, -25.0, -5.0]"
,157,Rock'n'Roll-Main Class Start,Final,4,226,Acro 4,0.0,12.0,0.0,"[-25.0, -25.0, -25.0]"
,157,Rock'n'Roll-Main Class Start,Final,4,226,Acro 5,4.71,12.0,0.3925,"[-25.0, -25.0, -35.0]"
,157,Rock'n'Roll-Main Class Start,Final,4,226,Acro 6,4.71,12.0,0.3925,"[-25.0, -35.0, -35.0]"
,157,Rock'n'Roll-Main Class Start,Final,5,60,Acro 1,2.36,12.0,0.19666666666666666,"[-10.0, -10.0, -15.0]"
,157,Rock'n'Roll-Main Class Start,Final,5,60,Acro 2,4.71,12.0,0.3925,"[-15.0, -25.0, -25.0]"
,157,Rock'n'Roll-Main Class Start,Final,5,60,Acro 3,10.27,12.0,0.8558333333333333,"[-15.0, 0.0, -25.0]"
,157,Rock'n'Roll-Main Class Start,Final,5,60,Acro 4,2.36,12.0,0.19666666666666666,"[-15.0, -10.0, -15.0]"
,157,Rock'n'Roll-Main Class Start,Final,5,60,Acro 5,4.08,12.0,0.34,"[-5.0, 0.0, -10.0]"
,157,Rock'n'Roll-Main Class Start,Final,5,60,Acro 6,4.71,12.0,0.3925,"[-15.0, -5.0, -15.0]"
,157,Rock'n'Roll-Main Class Contact Style,Final - Acrobatic,1,430,Acro 1,2.36,12.0,0.19666666666666666,"[-15.0, -15.0, -10.0]"
,157,Rock'n'Roll-Main Class Contact Style,Final - Acrobatic,1,430,Acro 2,0.0,12.0,0.0,"[-25.0, -25.0, -25.0]"
,157,Rock'n'Roll-Main Class Contact Style,Final - Acrobatic,1,430,Acro 3,4.71,12.0,0.3925,"[-35.0, -25.0, -35.0]"
,157,Rock'n'Roll-Main Class Contact Style,Final - Acrobatic,1,430,Acro 4,8.16,12.0,0.68,"[-25.0, -35.0, -15.0]"
,157,Rock'n'Roll-Main Class Contact Style,Final - Acrobatic,1,430,Acro 5,9.43,12.0,0.7858333333333333,"[-25.0, -5.0, -25.0]"
yes,157,Rock'n'Roll-Main Class Contact Style,Final - Acrobatic,1,430,Acro 6,16.5,12.0,1.375,"[-35.0, -50.0, -75.0]"
,157,Rock'n'Roll-Main Class Contact Style,Final - Acrobatic,2,363,Acro 1,2.36,12.0,0.19666666666666666,"[-5.0, -10.0, -10.0]"
,157,Rock'n'Roll-Main Class Contact Style,Final - Acrobatic,2,363,Acro 2,4.71,12.0,0.3925,"[-15.0, -5.0, -15.0]"
,157,Rock'n'Roll-Main Class Contact Style,Final - Acrobatic,2,363,Acro 3,2.36,12.0,0.19666666666666666,"[-15.0, -10.0, -10.0]"
,157,Rock'n'Roll-Main Class Contact Style,Final - Acrobatic,2,363,Acro 4,0.0,12.0,0.0,"[-15.0, -15.0, -15.0]"
,157,Rock'n'Roll-Main Class Contact Style,Final - Acrobatic,2,363,Acro 5,4.08,12.0,0.34,"[-15.0, -5.0, -10.0]"
,157,Rock'n'Roll-Main Class Contact Style,Final - Acrobatic,2,363,Acro 6,2.36,12.0,0.19666666666666666,"[-10.0, -10.0, -15.0]"
,157,Rock'n'Roll-Main Class Contact Style,Final - Acrobatic,3,36,Acro 1,2.36,12.0,0.19666666666666666,"[-10.0, -15.0, -15.0]"
,157,Rock'n'Roll-Main Class Contact Style,Final - Acrobatic,3,36,Acro 2,7.07,12.0,0.5891666666666667,"[-10.0, -25.0, -25.0]"
,157,Rock'n'Roll-Main Class Contact Style,Final - Acrobatic,3,36,Acro 3,0.0,12.0,0.0,"[-15.0, -15.0, -15.0]"
,157,Rock'n'Roll-Main Class Contact Style,Final - Acrobatic,3,36,Acro 4,2.36,12.0,0.19666666666666666,"[-15.0, -15.0, -10.0]"
,157,Rock'n'Roll-Main Class Contact Style,Final - Acrobatic,3,36,Acro 5,4.71,12.0,0.3925,"[-25.0, -35.0, -25.0]"
,157,Rock'n'Roll-Main Class Contact Style,Final - Acrobatic,3,36,Acro 6,6.24,12.0,0.52,"[-10.0, -15.0, -25.0]"
,157,Rock'n'Roll-Main Class Contact Style,Final - Acrobatic,4,362,Acro 1,4.08,12.0,0.34,"[-10.0, 0.0, -5.0]"
,157,Rock'n'Roll-Main Class Contact Style,Final - Acrobatic,4,362,Acro 2,2.36,12.0,0.19666666666666666,"[-5.0, 0.0, -5.0]"
,157,Rock'n'Roll-Main Class Contact Style,Final - Acrobatic,4,362,Acro 3,0.0,12.0,0.0,"[-10.0, -10.0, -10.0]"
,157,Rock'n'Roll-Main Class Contact Style,Final - Acrobatic,4,362,Acro 4,6.24,12.0,0.52,"[-10.0, -25.0, -15.0]"
,157,Rock'n'Roll-Main Class Contact Style,Final - Acrobatic,4,362,Acro 5,4.08,12.0,0.34,"[-5.0, -15.0, -10.0]"
,157,Rock'n'Roll-Main Class Contact Style,Final - Acrobatic,4,362,Acro 6,2.36,12.0,0.19666666666666666,"[-5.0, -10.0, -10.0]"
,157,Rock'n'Roll-Main Class Contact Style,Final - Acrobatic,5,28,Acro 1,0.0,12.0,0.0,"[-35.0, -35.0, -35.0]"
,157,Rock'n'Roll-Main Class Contact Style,Final - Acrobatic,5,28,Acro 2,4.71,12.0,0.3925,"[-25.0, -15.0, -25.0]"
,157,Rock'n'Roll-Main Class Contact Style,Final - Acrobatic,5,28,Acro 3,4.71,12.0,0.3925,"[-25.0, -25.0, -35.0]"
,157,Rock'n'Roll-Main Class Contact Style,Final - Acrobatic,5,28,Acro 4,2.36,12.0,0.19666666666666666,"[-15.0, -10.0, -15.0]"
,157,Rock'n'Roll-Main Class Contact Style,Final - Acrobatic,5,28,Acro 5,6.24,12.0,0.52,"[-10.0, 0.0, -15.0]"
,157,Rock'n'Roll-Main Class Contact Style,Final - Acrobatic,5,28,Acro 6,8.16,12.0,0.68,"[-25.0, -15.0, -35.0]"
,157,Rock'n'Roll-Main Class Contact Style,Final - Acrobatic,6,148,Acro 1,2.36,12.0,0.19666666666666666,"[-15.0, -15.0, -10.0]"
,157,Rock'n'Roll-Main Class Contact Style,Final - Acrobatic,6,148,Acro 2,2.36,12.0,0.19666666666666666,"[-10.0, -10.0, -15.0]"
,157,Rock'n'Roll-Main Class Contact Style,Final - Acrobatic,6,148,Acro 3,2.36,12.0,0.19666666666666666,"[-15.0, -10.0, -15.0]"
,157,Rock'n'Roll-Main Class Contact Style,Final - Acrobatic,6,148,Acro 4,0.0,12.0,0.0,"[-10.0, -10.0, -10.0]"
,157,Rock'n'Roll-Main Class Contact Style,Final - Acrobatic,6,148,Acro 5,10.8,12.0,0.9,"[-10.0, -35.0, -15.0]"
,157,Rock'n'Roll-Main Class Contact Style,Final - Acrobatic,6,148,Acro 6,0.0,12.0,0.0,"[-25.0, -25.0, -25.0]"
,157,Rock'n'Roll-Main Class Free Style,Final - Acrobatic,1,184,Acro 1,4.71,12.0,0.3925,"[-5.0, -5.0, -15.0]"
,157,Rock'n'Roll-Main Class Free Style,Final - Acrobatic,1,184,Acro 2,11.79,12.0,0.9824999999999999,"[-50.0, -75.0, -50.0]"
,157,Rock'n'Roll-Main Class Free Style,Final - Acrobatic,1,184,Acro 3,4.71,12.0,0.3925,"[-15.0, -15.0, -25.0]"
yes,157,Rock'n'Roll-Main Class Free Style,Final - Acrobatic,1,184,Acro 4,23.57,12.0,1.9641666666666666,"[-75.0, -75.0, -25.0]"
,157,Rock'n'Roll-Main Class Free Style,Final - Acrobatic,1,184,Acro 5,6.24,12.0,0.52,"[-25.0, -15.0, -10.0]"
,157,Rock'n'Roll-Main Class Free Style,Final - Acrobatic,1,184,Acro 6,0.0,12.0,0.0,"[-5.0, -5.0, -5.0]"
,157,Rock'n'Roll-Main Class Free Style,Final - Acrobatic,2,222,Acro 1,2.36,12.0,0.19666666666666666,"[-5.0, -5.0, -10.0]"
yes,157,Rock'n'Roll-Main Class Free Style,Final - Acrobatic,2,222,Acro 2,44.78,12.0,3.731666666666667,"[-5.0, -5.0, -100.0]"
,157,Rock'n'Roll-Main Class Free Style,Final - Acrobatic,2,222,Acro 3,4.71,12.0,0.3925,"[-5.0, -15.0, -15.0]"
,157,Rock'n'Roll-Main Class Free Style,Final - Acrobatic,2,222,Acro 4,11.79,12.0,0.9824999999999999,"[-10.0, -10.0, -35.0]"
,157,Rock'n'Roll-Main Class Free Style,Final - Acrobatic,2,222,Acro 5,2.36,12.0,0.19666666666666666,"[-15.0, -15.0, -10.0]"
,157,Rock'n'Roll-Main Class Free Style,Final - Acrobatic,2,222,Acro 6,11.79,12.0,0.9824999999999999,"[-25.0, -50.0, -50.0]"
,157,Rock'n'Roll-Main Class Free Style,Final - Acrobatic,3,41,Acro 1,11.79,12.0,0.9824999999999999,"[-100.0, -75.0, -100.0]"
,157,Rock'n'Roll-Main Class Free Style,Final - Acrobatic,3,41,Acro 2,4.71,12.0,0.3925,"[-25.0, -15.0, -25.0]"
yes,157,Rock'n'Roll-Main Class Free Style,Final - Acrobatic,3,41,Acro 3,14.34,12.0,1.195,"[-50.0, -15.0, -35.0]"
yes,157,Rock'n'Roll-Main Class Free Style,Final - Acrobatic,3,41,Acro 4,20.41,12.0,1.7008333333333334,"[-100.0, -75.0, -50.0]"
,157,Rock'n'Roll-Main Class Free Style,Final - Acrobatic,3,41,Acro 5,0.0,12.0,0.0,"[-100.0, -100.0, -100.0]"
,157,Rock'n'Roll-Main Class Free Style,Final - Acrobatic,3,41,Acro 6,0.0,12.0,0.0,"[-100.0, -100.0, -100.0]"
,157,Rock'n'Roll-Main Class Free Style,Final - Acrobatic,4,86,Acro 1,4.71,12.0,0.3925,"[-25.0, -25.0, -15.0]"
,157,Rock'n'Roll-Main Class Free Style,Final - Acrobatic,4,86,Acro 2,4.71,12.0,0.3925,"[0.0, -10.0, -10.0]"
,157,Rock'n'Roll-Main Class Free Style,Final - Acrobatic,4,86,Acro 3,4.08,12.0,0.34,"[-10.0, 0.0, -5.0]"
,157,Rock'n'Roll-Main Class Free Style,Final - Acrobatic,4,86,Acro 4,2.36,12.0,0.19666666666666666,"[-15.0, -10.0, -10.0]"
,157,Rock'n'Roll-Main Class Free Style,Final - Acrobatic,4,86,Acro 5,4.08,12.0,0.34,"[-10.0, 0.0, -5.0]"
,157,Rock'n'Roll-Main Class Free Style,Final - Acrobatic,4,86,Acro 6,2.36,12.0,0.19666666666666666,"[-5.0, -10.0, -10.0]"
,157,Rock'n'Roll-Main Class Free Style,Final - Acrobatic,5,63,Acro 1,0.0,12.0,0.0,"[-5.0, -5.0, -5.0]"
,157,Rock'n'Roll-Main Class Free Style,Final - Acrobatic,5,63,Acro 2,4.08,12.0,0.34,"[-10.0, -5.0, -15.0]"
,157,Rock'n'Roll-Main Class Free Style,Final - Acrobatic,5,63,Acro 3,4.71,12.0,0.3925,"[-25.0, -15.0, -15.0]"
,157,Rock'n'Roll-Main Class Free Style,Final - Acrobatic,5,63,Acro 4,4.71,12.0,0.3925,"[-35.0, -25.0, -25.0]"
,157,Rock'n'Roll-Main Class Free Style,Final - Acrobatic,5,63,Acro 5,2.36,12.0,0.19666666666666666,"[-10.0, -10.0, -15.0]"
,157,Rock'n'Roll-Main Class Free Style,Final - Acrobatic,5,63,Acro 6,4.08,12.0,0.34,"[0.0, -5.0, -10.0]"
